{
    "plots": [
        {
            "fpr": 0.0,
            "tpr": 0.0,
            "threshold": 2
        },
        {
            "fpr": 0.0002638151183650498,
            "tpr": 0.3883495145631068,
            "threshold": 1
        },
        {
            "fpr": 1.0,
            "tpr": 1.0,
            "threshold": 0
        }
    ]
}